num_obstacles,ASTAR_PotentialFieldLocalPlanner,ASTAR_ParticleSwarmOptimizationPlanner,RRT_PotentialFieldLocalPlanner,RRT_ParticleSwarmOptimizationPlanner,RRTSTAR_PotentialFieldLocalPlanner,RRTSTAR_ParticleSwarmOptimizationPlanner
50,0.03469236691792806,0.1253079573313395,0.20569841066996256,0.18192768096923828,4.78753399848938,5.774092038472493
100,0.06626280148824056,0.24907660484313965,0.06790645917256673,0.44011743863423664,4.797095060348511,6.3326834837595625
250,0.1845994790395101,0.8341351350148519,0.1954350471496582,1.1385929584503174,4.9201540152231855,6.020020643870036
500,0.3720256487528483,2.747826337814331,0.5211292107899984,2.6631964842478433,5.171667575836182,6.753422021865845
